<?xml version="1.0" encoding="UTF-8"?>
<config xmlns="http://www.knime.org/2008/09/XMLConfig" xmlns:xsi="http://www.w3.org/2001/XMLSchema-instance" xsi:schemaLocation="http://www.knime.org/2008/09/XMLConfig http://www.knime.org/XMLConfig_2008_09.xsd" key="MiningSchema">
<config key="learning">
<entry key="array-size" type="xint" value="37"/>
<entry key="0" type="xstring" value="Identificador"/>
<entry key="1" type="xstring" value="Cantidad_tsh"/>
<entry key="2" type="xstring" value="GPS"/>
<entry key="3" type="xstring" value="Longitud"/>
<entry key="4" type="xstring" value="Latitud"/>
<entry key="5" type="xstring" value="Numero privado"/>
<entry key="6" type="xstring" value="Cuenca"/>
<entry key="7" type="xstring" value="Region"/>
<entry key="8" type="xstring" value="Codigo_Region"/>
<entry key="9" type="xstring" value="Codigo_Distrito"/>
<entry key="10" type="xstring" value="Poblacion"/>
<entry key="11" type="xstring" value="Reunion Publica"/>
<entry key="12" type="xstring" value="Registrador"/>
<entry key="13" type="xstring" value="Organización"/>
<entry key="14" type="xstring" value="Permiso"/>
<entry key="15" type="xstring" value="Año_Construcion"/>
<entry key="16" type="xstring" value="Tipo_Extracción"/>
<entry key="17" type="xstring" value="Grupo_Tipo_Extraccion"/>
<entry key="18" type="xstring" value="Clase_Tipo_Extraccion"/>
<entry key="19" type="xstring" value="Administracion"/>
<entry key="20" type="xstring" value="Grupo_Gestion"/>
<entry key="21" type="xstring" value="Pago"/>
<entry key="22" type="xstring" value="Tipo_Pago"/>
<entry key="23" type="xstring" value="Calidad_Agua"/>
<entry key="24" type="xstring" value="Calidad_Grupo"/>
<entry key="25" type="xstring" value="Cantidad"/>
<entry key="26" type="xstring" value="Cantidad_Grupo"/>
<entry key="27" type="xstring" value="Fuente"/>
<entry key="28" type="xstring" value="Tipo_Fuente"/>
<entry key="29" type="xstring" value="Tipo_Clase"/>
<entry key="30" type="xstring" value="Tipo_PuntoAgua"/>
<entry key="31" type="xstring" value="Tipo_Grupo_PuntoAgua"/>
<entry key="32" type="xstring" value="Class [kNN]"/>
<entry key="33" type="xstring" value="P (Estado_Grupo=functional)"/>
<entry key="34" type="xstring" value="P (Estado_Grupo=functional needs repair)"/>
<entry key="35" type="xstring" value="P (Estado_Grupo=non functional)"/>
<entry key="36" type="xstring" value="Prediction (Estado_Grupo)"/>
</config>
<config key="target">
<entry key="array-size" type="xint" value="1"/>
<entry key="0" type="xstring" value="Estado_Grupo"/>
</config>
</config>
