<?xml version="1.0" encoding="UTF-8"?>
<config xmlns="http://www.knime.org/2008/09/XMLConfig" xmlns:xsi="http://www.w3.org/2001/XMLSchema-instance" xsi:schemaLocation="http://www.knime.org/2008/09/XMLConfig http://www.knime.org/XMLConfig_2008_09.xsd" key="model.xml">
<entry key="version" type="xint" value="1"/>
<entry key="class_name" type="xstring" value="org.knime.base.algorithms.outlier.NumericOutliersPortObject"/>
<config key="model">
<entry key="summary" type="xstring" value="Outlier treatment for columns: &quot;Identificador&quot;, &quot;Cantidad_tsh&quot;, &quot;GPS&quot;,  ... &lt;7 more&gt;"/>
<config key="group-col-types">
<entry key="array-size" type="xint" value="0"/>
</config>
<config key="outlier-treatment">
<entry key="outlier-treatment" type="xstring" value="Replace outlier values"/>
<entry key="replacement-strategy" type="xstring" value="Missing values"/>
<entry key="detection-option" type="xstring" value="All outliers"/>
<entry key="update-domain" type="xboolean" value="false"/>
</config>
<config key="permitted intervals">
<config key="groups">
<entry key="array-size" type="xint" value="0"/>
</config>
<config key="outliers">
<entry key="array-size" type="xint" value="10"/>
<entry key="0" type="xstring" value="Identificador"/>
<entry key="1" type="xstring" value="Cantidad_tsh"/>
<entry key="2" type="xstring" value="GPS"/>
<entry key="3" type="xstring" value="Longitud"/>
<entry key="4" type="xstring" value="Latitud"/>
<entry key="5" type="xstring" value="Numero privado"/>
<entry key="6" type="xstring" value="Codigo_Region"/>
<entry key="7" type="xstring" value="Codigo_Distrito"/>
<entry key="8" type="xstring" value="Poblacion"/>
<entry key="9" type="xstring" value="Año_Construcion"/>
</config>
<config key="data">
<config key="row0">
<config key="key">
<config key="group-key">
<entry key="array-size" type="xint" value="0"/>
</config>
</config>
<config key="interval-columns">
<config key="interval0">
<entry key="outlier" type="xstring" value="Año_Construcion"/>
<config key="interval">
<entry key="array-size" type="xint" value="2"/>
<entry key="0" type="xdouble" value="-3006.0"/>
<entry key="1" type="xdouble" value="5010.0"/>
</config>
</config>
<config key="interval1">
<entry key="outlier" type="xstring" value="Numero privado"/>
<config key="interval">
<entry key="array-size" type="xint" value="2"/>
<entry key="0" type="xdouble" value="0.0"/>
<entry key="1" type="xdouble" value="0.0"/>
</config>
</config>
<config key="interval2">
<entry key="outlier" type="xstring" value="Codigo_Region"/>
<config key="interval">
<entry key="array-size" type="xint" value="2"/>
<entry key="0" type="xdouble" value="-13.0"/>
<entry key="1" type="xdouble" value="35.0"/>
</config>
</config>
<config key="interval3">
<entry key="outlier" type="xstring" value="Poblacion"/>
<config key="interval">
<entry key="array-size" type="xint" value="2"/>
<entry key="0" type="xdouble" value="-322.5"/>
<entry key="1" type="xdouble" value="537.5"/>
</config>
</config>
<config key="interval4">
<entry key="outlier" type="xstring" value="Cantidad_tsh"/>
<config key="interval">
<entry key="array-size" type="xint" value="2"/>
<entry key="0" type="xdouble" value="-30.0"/>
<entry key="1" type="xdouble" value="50.0"/>
</config>
</config>
<config key="interval5">
<entry key="outlier" type="xstring" value="Longitud"/>
<config key="interval">
<entry key="array-size" type="xint" value="2"/>
<entry key="0" type="xdouble" value="26.958343374999995"/>
<entry key="1" type="xdouble" value="43.310354055000005"/>
</config>
</config>
<config key="interval6">
<entry key="outlier" type="xstring" value="Codigo_Distrito"/>
<config key="interval">
<entry key="array-size" type="xint" value="2"/>
<entry key="0" type="xdouble" value="-2.5"/>
<entry key="1" type="xdouble" value="9.5"/>
</config>
</config>
<config key="interval7">
<entry key="outlier" type="xstring" value="Latitud"/>
<config key="interval">
<entry key="array-size" type="xint" value="2"/>
<entry key="0" type="xdouble" value="-16.36352503"/>
<entry key="1" type="xdouble" value="4.496252250000001"/>
</config>
</config>
<config key="interval8">
<entry key="outlier" type="xstring" value="GPS"/>
<config key="interval">
<entry key="array-size" type="xint" value="2"/>
<entry key="0" type="xdouble" value="-1978.5"/>
<entry key="1" type="xdouble" value="3297.5"/>
</config>
</config>
<config key="interval9">
<entry key="outlier" type="xstring" value="Identificador"/>
<config key="interval">
<entry key="array-size" type="xint" value="2"/>
<entry key="0" type="xdouble" value="-37186.5"/>
<entry key="1" type="xdouble" value="111361.5"/>
</config>
</config>
</config>
</config>
</config>
</config>
</config>
</config>
