<?xml version="1.0" encoding="UTF-8"?>
<config xmlns="http://www.knime.org/2008/09/XMLConfig" xmlns:xsi="http://www.w3.org/2001/XMLSchema-instance" xsi:schemaLocation="http://www.knime.org/2008/09/XMLConfig http://www.knime.org/XMLConfig_2008_09.xsd" key="model.xml">
<entry key="version" type="xint" value="1"/>
<entry key="class_name" type="xstring" value="org.knime.base.data.normalize.NormalizerPortObject"/>
<config key="model">
<config key="columns">
<config key="Identificador">
<entry key="column_name" type="xstring" value="Identificador"/>
<entry key="column_scale" type="xdouble" value="1.346855765216103E-5"/>
<entry key="column_translate" type="xdouble" value="0.0"/>
<entry key="column_min" type="xdouble" value="0.0"/>
<entry key="column_max" type="xdouble" value="1.0"/>
</config>
<config key="Cantidad_tsh">
<entry key="column_name" type="xstring" value="Cantidad_tsh"/>
<entry key="column_scale" type="xdouble" value="0.02"/>
<entry key="column_translate" type="xdouble" value="0.0"/>
<entry key="column_min" type="xdouble" value="0.0"/>
<entry key="column_max" type="xdouble" value="1.0"/>
</config>
<config key="GPS">
<entry key="column_name" type="xstring" value="GPS"/>
<entry key="column_scale" type="xdouble" value="3.4965034965034965E-4"/>
<entry key="column_translate" type="xdouble" value="0.03146853146853147"/>
<entry key="column_min" type="xdouble" value="0.0"/>
<entry key="column_max" type="xdouble" value="1.0"/>
</config>
<config key="Longitud">
<entry key="column_name" type="xstring" value="Longitud"/>
<entry key="column_scale" type="xdouble" value="0.09312659454090766"/>
<entry key="column_translate" type="xdouble" value="-2.7572104367045274"/>
<entry key="column_min" type="xdouble" value="0.0"/>
<entry key="column_max" type="xdouble" value="1.0"/>
</config>
<config key="Latitud">
<entry key="column_name" type="xstring" value="Latitud"/>
<entry key="column_scale" type="xdouble" value="0.08584103495665324"/>
<entry key="column_translate" type="xdouble" value="1.0000000017168207"/>
<entry key="column_min" type="xdouble" value="0.0"/>
<entry key="column_max" type="xdouble" value="1.0"/>
</config>
<config key="Numero privado">
<entry key="column_name" type="xstring" value="Numero privado"/>
<entry key="column_scale" type="xdouble" value="1.0"/>
<entry key="column_translate" type="xdouble" value="0.0"/>
<entry key="column_min" type="xdouble" value="0.0"/>
<entry key="column_max" type="xdouble" value="1.0"/>
</config>
<config key="Codigo_Region">
<entry key="column_name" type="xstring" value="Codigo_Region"/>
<entry key="column_scale" type="xdouble" value="0.043478260869565216"/>
<entry key="column_translate" type="xdouble" value="-0.043478260869565216"/>
<entry key="column_min" type="xdouble" value="0.0"/>
<entry key="column_max" type="xdouble" value="1.0"/>
</config>
<config key="Codigo_Distrito">
<entry key="column_name" type="xstring" value="Codigo_Distrito"/>
<entry key="column_scale" type="xdouble" value="0.125"/>
<entry key="column_translate" type="xdouble" value="0.0"/>
<entry key="column_min" type="xdouble" value="0.0"/>
<entry key="column_max" type="xdouble" value="1.0"/>
</config>
<config key="Poblacion">
<entry key="column_name" type="xstring" value="Poblacion"/>
<entry key="column_scale" type="xdouble" value="0.00186219739292365"/>
<entry key="column_translate" type="xdouble" value="0.0"/>
<entry key="column_min" type="xdouble" value="0.0"/>
<entry key="column_max" type="xdouble" value="1.0"/>
</config>
<config key="Año_Construcion">
<entry key="column_name" type="xstring" value="Año_Construcion"/>
<entry key="column_scale" type="xdouble" value="4.967709885742673E-4"/>
<entry key="column_translate" type="xdouble" value="0.0"/>
<entry key="column_min" type="xdouble" value="0.0"/>
<entry key="column_max" type="xdouble" value="1.0"/>
</config>
</config>
<entry key="summary" type="xstring" value="Min/Max (0.0, 1) normalization on 10 column(s)"/>
</config>
</config>
