<?xml version="1.0" encoding="UTF-8"?>
<config xmlns="http://www.knime.org/2008/09/XMLConfig" xmlns:xsi="http://www.w3.org/2001/XMLSchema-instance" xsi:schemaLocation="http://www.knime.org/2008/09/XMLConfig http://www.knime.org/XMLConfig_2008_09.xsd" key="MiningSchema">
<config key="learning">
<entry key="array-size" type="xint" value="16"/>
<entry key="0" type="xstring" value="Identificador"/>
<entry key="1" type="xstring" value="Cantidad_tsh"/>
<entry key="2" type="xstring" value="GPS"/>
<entry key="3" type="xstring" value="Longitud"/>
<entry key="4" type="xstring" value="Latitud"/>
<entry key="5" type="xstring" value="Numero privado"/>
<entry key="6" type="xstring" value="Codigo_Region"/>
<entry key="7" type="xstring" value="Codigo_Distrito"/>
<entry key="8" type="xstring" value="Poblacion"/>
<entry key="9" type="xstring" value="Año_Construcion"/>
<entry key="10" type="xstring" value="P (Estado_Grupo=functional)"/>
<entry key="11" type="xstring" value="P (Estado_Grupo=functional needs repair)"/>
<entry key="12" type="xstring" value="P (Estado_Grupo=non functional)"/>
<entry key="13" type="xstring" value="P (Estado_Grupo=functional) (#1)"/>
<entry key="14" type="xstring" value="P (Estado_Grupo=non functional) (#1)"/>
<entry key="15" type="xstring" value="P (Estado_Grupo=functional needs repair) (#1)"/>
</config>
<config key="target">
<entry key="array-size" type="xint" value="0"/>
</config>
</config>
